{
  "microaneurysms": [
    [
      0.49804688,
      0.43164062,
      0.515625,
      0.44824219
    ],
    [
      0.55664062,
      0.52246094,
      0.57421875,
      0.54101562
    ],
    [
      0.42578125,
      0.48144531,
      0.44335938,
      0.49804688
    ],
    [
      0.3984375,
      0.40136719,
      0.41601562,
      0.41796875
    ],
    [
      0.6328125,
      0.59570312,
      0.6484375,
      0.61132812
    ]
  ],
  "hemorrhages": [
    [
      0.45605469,
      0.52539062,
      0.48144531,
      0.54785156
    ],
    [
      0.50585938,
      0.38671875,
      0.53320312,
      0.40722656
    ]
  ],
  "exudates": [
    [
      0.44335938,
      0.36523438,
      0.46875,
      0.38574219
    ],
    [
      0.48828125,
      0.48828125,
      0.52539062,
      0.51855469
    ],
    [
      0.53320312,
      0.44335938,
      0.5625,
      0.46777344
    ],
    [
      0.42285156,
      0.65429688,
      0.453125,
      0.68066406
    ],
    [
      0.3359375,
      0.59570312,
      0.36328125,
      0.62207031
    ],
    [
      0.3046875,
      0.3046875,
      0.33203125,
      0.32714844
    ]
  ],
  "optic_disc": [
    [
      0.72558594,
      0.30566406,
      0.88085938,
      0.49804688
    ]
  ]
}