{
  "exudates": [
    [
      0.37656,
      0.47733,
      0.39218,
      0.49333
    ]
  ],
  "hemorrhages": [
    [
      0.73593,
      0.19333,
      0.76406,
      0.22
    ]
  ],
  "optic_disc": [
    [
      0.70781,
      0.41866,
      0.875,
      0.625
    ]
  ]
}