{
  "microaneurysms": [
    [
      0.68813294,
      0.2404514,
      0.702492,
      0.2595486
    ]
  ],
  "hemorrhages": [
    [
      0.86391413,
      0.7612847,
      0.8782732,
      0.7803819
    ]
  ],
  "exudates": [],
  "optic_disc": [
    [
      0.2115699,
      0.4123268,
      0.5377422,
      0.8472222
    ]
  ]
}