{
  "microaneurysms": [],
  "hemorrhages": [],
  "exudates": [
    [
      0.471822,
      0.440889,
      0.496267,
      0.465333
    ],
    [
      0.474044,
      0.512,
      0.494044,
      0.532
    ]
  ],
  "optic_disc": [
    [
      0.608267,
      0.374222,
      0.803822,
      0.621333
    ]
  ]
}