{
  "Microaneurysms": [
    [
      0.38477,
      0.39824,
      0.40137,
      0.41588
    ],
    [
      0.57031,
      0.52855,
      0.58594,
      0.5462
    ],
    [
      0.28223,
      0.69839,
      0.29883,
      0.71743
    ],
    [
      0.1582,
      0.44949,
      0.1748,
      0.46853
    ],
    [
      0.63965,
      0.26793,
      0.6543,
      0.28558
    ]
  ],
  "Hemorrhages": [
    [
      0.35254,
      0.35286,
      0.37305,
      0.37489
    ],
    [
      0.40234,
      0.70132,
      0.42188,
      0.72182
    ],
    [
      0.61328,
      0.64129,
      0.63281,
      0.66179
    ],
    [
      0.21289,
      0.28558,
      0.23438,
      0.30761
    ]
  ],
  "Exudates": [
    [
      0.26465,
      0.14934,
      0.53418,
      0.34114
    ],
    [
      0.18066,
      0.48023,
      0.41602,
      0.68916
    ],
    [
      0.42188,
      0.58931,
      0.60254,
      0.76281
    ],
    [
      0.44824,
      0.4202,
      0.55371,
      0.52123
    ],
    [
      0.19824,
      0.37045,
      0.32422,
      0.46632
    ],
    [
      0.59082,
      0.21084,
      0.68262,
      0.30205
    ]
  ],
  "Optic Disc": [
    [
      0.70117,
      0.31772,
      0.90234,
      0.56384
    ]
  ]
}