{
  "optic_disc": [
    [
      0.86132812,
      0.37830088,
      0.99023438,
      0.58230088
    ]
  ],
  "microaneurysms": [
    [
      0.67578125,
      0.51681416,
      0.69140625,
      0.53451327
    ],
    [
      0.64648438,
      0.5840708,
      0.66210938,
      0.60176991
    ]
  ],
  "hemorrhages": [
    [
      0.15429688,
      0.07433628,
      0.25,
      0.13274336
    ],
    [
      0.421875,
      0.78053097,
      0.65039062,
      0.92035398
    ]
  ],
  "exudates": [
    [
      0.71484375,
      0.44247788,
      0.73046875,
      0.46017699
    ],
    [
      0.67382812,
      0.41415929,
      0.68945312,
      0.43185841
    ]
  ]
}