{
  "optic_disc": [
    [
      0.75585938,
      0.35483871,
      0.90625,
      0.60450096
    ]
  ],
  "exudates": [
    [
      0.12109375,
      0.43729518,
      0.44628906,
      0.74180064
    ],
    [
      0.55175781,
      0.51286174,
      0.72558594,
      0.67684887
    ],
    [
      0.28417969,
      0.21382637,
      0.44433594,
      0.34244373
    ],
    [
      0.45214844,
      0.65916399,
      0.54492188,
      0.74437299
    ]
  ],
  "microaneurysms": [
    [
      0.38574219,
      0.78617363,
      0.40136719,
      0.80546624
    ],
    [
      0.72949219,
      0.28778135,
      0.74316406,
      0.30546624
    ]
  ],
  "hemorrhages": [
    [
      0.39550781,
      0.86495177,
      0.41113281,
      0.88263666
    ],
    [
      0.23144531,
      0.40032154,
      0.24511719,
      0.41800643
    ]
  ]
}