{
  "Microaneurysms": [
    [
      0.50462963,
      0.3037037,
      0.51666667,
      0.31666667
    ],
    [
      0.64814815,
      0.3462963,
      0.65925926,
      0.35925926
    ],
    [
      0.69814815,
      0.39814815,
      0.70925926,
      0.41111111
    ],
    [
      0.60740741,
      0.60555556,
      0.61851852,
      0.61851852
    ],
    [
      0.35740741,
      0.65555556,
      0.36851852,
      0.66851852
    ]
  ],
  "Hemorrhages": [],
  "Exudates": [
    [
      0.59814815,
      0.1962963,
      0.61111111,
      0.21111111
    ],
    [
      0.69814815,
      0.1962963,
      0.71111111,
      0.21111111
    ],
    [
      0.74814815,
      0.2462963,
      0.76111111,
      0.26111111
    ]
  ],
  "Optic Disc": [
    [
      0.06481481,
      0.28518519,
      0.27592593,
      0.61481481
    ]
  ]
}