{
    "dataset": "aptos",
    "accuracy": 20.0,
    "f1": 0.06666666666666667,
    "auc": 0.42674985926064923
}