{
    "dataset": "finger",
    "accuracy": 10.81081081081081,
    "f1": 0.010269576379974327,
    "auc": 0.4495400090278608
}