{
    "dataset": "mias",
    "accuracy": 14.285714285714285,
    "f1": 0.03571428571428571,
    "auc": 0.3586309523809524
}